ID,FirstName,LastName,Phone,Email
65010001,Ava,Rivera,883977272,ava.rivera@email.com
65010002,Logan,Nelson,822642627,logan.nelson@email.com
65010003,William,Stewart,844049041,william.stewart@email.com
65010004,Samuel,Rogers,874124597,samuel.rogers@email.com
65010005,Riley,Sanchez,846671691,riley.sanchez@email.com
65010006,Scarlett,Murphy,881865085,scarlett.murphy@email.com
65010007,Nora,Scott,823955956,nora.scott@email.com
65010008,Grace,Johnson,845632060,grace.johnson@email.com
65010009,Ethan,Walker,814539723,ethan.walker@email.com
65010010,Jack,Ramirez,899549769,jack.ramirez@email.com
65010011,Abigail,Brown,845776195,abigail.brown@email.com
65010012,Joseph,Young,832043112,joseph.young@email.com
65010013,Benjamin,Reed,821718031,benjamin.reed@email.com
65010014,Hannah,Smith,889518206,hannah.smith@email.com
65010015,Owen,Baker,828415249,owen.baker@email.com
65010016,Leah,Bailey,837048370,leah.bailey@email.com
65010017,Jackson,Adams,865151211,jackson.adams@email.com
65010018,Wyatt,Miller,828854826,wyatt.miller@email.com
65010019,Lucas,Evans,836478927,lucas.evans@email.com
65010020,Noah,Lewis,863955542,noah.lewis@email.com
65010021,Eleanor,Green,835495018,eleanor.green@email.com
65010022,Henry,Roberts,834471393,henry.roberts@email.com
65010023,Jacob,Jones,866242541,jacob.jones@email.com
65010024,Ella,Turner,862529470,ella.turner@email.com
65010025,Sophia,Cook,895542652,sophia.cook@email.com
65010026,Carter,Edwards,898826972,carter.edwards@email.com
65010027,Daniel,Phillips,846815055,daniel.phillips@email.com
65010028,Emily,Lopez,853017045,emily.lopez@email.com
65010029,Aria,Williams,893780327,aria.williams@email.com
65010030,Zoey,Martinez,801665771,zoey.martinez@email.com
65010031,Luna,Collins,871676262,luna.collins@email.com
65010032,Olivia,Davis,862568550,olivia.davis@email.com
65010033,Emma,Lee,825814539,emma.lee@email.com
65010034,Harper,Clark,865797013,harper.clark@email.com
65010035,Amelia,Torres,892512489,amelia.torres@email.com
65010036,Charlotte,Campbell,844994955,charlotte.campbell@email.com
65010037,James,Garcia,862036173,james.garcia@email.com
65010038,Lily,Carter,891338516,lily.carter@email.com
65010039,David,Morgan,897963694,david.morgan@email.com
65010040,Matthew,Allen,871492021,matthew.allen@email.com
65010041,John,King,853460194,john.king@email.com
65010042,Alexander,Bell,866348017,alexander.bell@email.com
65010043,Sebastian,Morris,829195610,sebastian.morris@email.com
65010044,Mia,Hall,805618947,mia.hall@email.com
65010045,Liam,Parker,819631357,liam.parker@email.com
65010046,Michael,Wright,823091681,michael.wright@email.com
65010047,Chloe,Mitchell,832331090,chloe.mitchell@email.com
65010048,Isabella,Hill,864629275,isabella.hill@email.com
65010049,Phenwatsa,Saengyenpan,0956314457,Phenwatsa.ploy@gmail.com
